C#en,C#ec,C#em,C#mn,C#rn,C#ds,C#dn,C#dp,D#de,C#tempo,cD#d,Min,Seg
18,1,16,186,1,24,64,384,france,229756,2-MEDIO,3,"49,756"
18,1,16,186,1,24,64,384,france,231625,2-MEDIO,3,"51,625"
18,1,16,186,1,24,64,384,france,229829,2-MEDIO,3,"49,829"
18,1,16,186,1,24,64,384,france,229545,2-MEDIO,3,"49,545"
18,1,16,186,1,24,64,384,france,228869,2-MEDIO,3,"48,869"
12,1,32,186,1,24,64,384,france,290935,2-MEDIO,4,"50,935"
12,1,32,186,1,24,64,384,france,298727,2-MEDIO,4,"58,727"
12,1,32,186,1,24,64,384,france,297278,2-MEDIO,4,"57,278"
12,1,32,186,1,24,64,384,france,292285,2-MEDIO,4,"52,285"
12,1,32,186,1,24,64,384,france,297146,2-MEDIO,4,"57,146"
12,2,32,186,1,24,64,384,france,193127,2-MEDIO,3,"13,127"
12,2,32,186,1,24,64,384,france,191718,2-MEDIO,3,"11,718"
12,2,32,186,1,24,64,384,france,194457,2-MEDIO,3,"14,457"
12,2,32,186,1,24,64,384,france,190696,2-MEDIO,3,"10,696"
12,2,32,186,1,24,64,384,france,189836,2-MEDIO,3,"9,836"
6,2,64,186,1,24,64,384,france,288366,2-MEDIO,4,"48,366"
6,2,64,186,1,24,64,384,france,294078,2-MEDIO,4,"54,078"
6,2,64,186,1,24,64,384,france,294909,2-MEDIO,4,"54,909"
6,2,64,186,1,24,64,384,france,295915,2-MEDIO,4,"55,915"
6,2,64,186,1,24,64,384,france,296629,2-MEDIO,4,"56,629"
6,4,64,186,1,24,64,384,france,198950,2-MEDIO,3,"18,95"
6,4,64,186,1,24,64,384,france,192685,2-MEDIO,3,"12,685"
6,4,64,186,1,24,64,384,france,195010,2-MEDIO,3,"15,01"
6,4,64,186,1,24,64,384,france,193120,2-MEDIO,3,"13,12"
6,4,64,186,1,24,64,384,france,194605,2-MEDIO,3,"14,605"
42,1,8,180,1,24,96,256,france,141730,2-MEDIO,2,"21,73"
42,1,8,180,1,24,96,256,france,142089,2-MEDIO,2,"22,089"
42,1,8,180,1,24,96,256,france,141274,2-MEDIO,2,"21,274"
42,1,8,180,1,24,96,256,france,139722,2-MEDIO,2,"19,722"
42,1,8,180,1,24,96,256,france,139379,2-MEDIO,2,"19,379"
18,1,16,180,1,24,96,256,france,219372,2-MEDIO,3,"39,372"
18,1,16,180,1,24,96,256,france,213048,2-MEDIO,3,"33,048"
18,1,16,180,1,24,96,256,france,212789,2-MEDIO,3,"32,789"
18,1,16,180,1,24,96,256,france,213369,2-MEDIO,3,"33,369"
18,1,16,180,1,24,96,256,france,208623,2-MEDIO,3,"28,623"
18,2,16,180,1,24,96,256,france,147433,2-MEDIO,2,"27,433"
18,2,16,180,1,24,96,256,france,146987,2-MEDIO,2,"26,987"
18,2,16,180,1,24,96,256,france,146342,2-MEDIO,2,"26,342"
18,2,16,180,1,24,96,256,france,146944,2-MEDIO,2,"26,944"
18,2,16,180,1,24,96,256,france,146546,2-MEDIO,2,"26,546"
12,2,32,180,1,24,96,256,france,171694,2-MEDIO,2,"51,694"
12,2,32,180,1,24,96,256,france,178949,2-MEDIO,2,"58,949"
12,2,32,180,1,24,96,256,france,172780,2-MEDIO,2,"52,78"
12,2,32,180,1,24,96,256,france,178224,2-MEDIO,2,"58,224"
12,2,32,180,1,24,96,256,france,176193,2-MEDIO,2,"56,193"
12,4,32,180,1,24,96,256,france,134762,2-MEDIO,2,"14,762"
12,4,32,180,1,24,96,256,france,135088,2-MEDIO,2,"15,088"
12,4,32,180,1,24,96,256,france,134943,2-MEDIO,2,"14,943"
12,4,32,180,1,24,96,256,france,132433,2-MEDIO,2,"12,433"
12,4,32,180,1,24,96,256,france,135414,2-MEDIO,2,"15,414"
6,4,64,180,1,24,96,256,france,180601,2-MEDIO,3,"0,601"
6,4,64,180,1,24,96,256,france,179663,2-MEDIO,2,"59,663"
6,4,64,180,1,24,96,256,france,176753,2-MEDIO,2,"56,753"
6,4,64,180,1,24,96,256,france,180296,2-MEDIO,3,"0,296"
6,4,64,180,1,24,96,256,france,174099,2-MEDIO,2,"54,099"
6,8,64,180,1,24,96,256,france,135559,2-MEDIO,2,"15,559"
6,8,64,180,1,24,96,256,france,137265,2-MEDIO,2,"17,265"
6,8,64,180,1,24,96,256,france,136079,2-MEDIO,2,"16,079"
6,8,64,180,1,24,96,256,france,135110,2-MEDIO,2,"15,11"
6,8,64,180,1,24,96,256,france,137129,2-MEDIO,2,"17,129"
66,1,4,224,1,24,128,192,france,99862,1-BAIXO,1,"39,862"
66,1,4,224,1,24,128,192,france,102429,1-BAIXO,1,"42,429"
66,1,4,224,1,24,128,192,france,98977,1-BAIXO,1,"38,977"
66,1,4,224,1,24,128,192,france,97747,1-BAIXO,1,"37,747"
66,1,4,224,1,24,128,192,france,99321,1-BAIXO,1,"39,321"
42,1,8,224,1,24,128,192,france,128998,2-MEDIO,2,"8,998"
42,1,8,224,1,24,128,192,france,130667,2-MEDIO,2,"10,667"
42,1,8,224,1,24,128,192,france,128252,2-MEDIO,2,"8,252"
42,1,8,224,1,24,128,192,france,127036,2-MEDIO,2,"7,036"
42,1,8,224,1,24,128,192,france,129764,2-MEDIO,2,"9,764"
18,1,16,224,1,24,128,192,france,200693,2-MEDIO,3,"20,693"
18,1,16,224,1,24,128,192,france,204900,2-MEDIO,3,"24,9"
18,1,16,224,1,24,128,192,france,199250,2-MEDIO,3,"19,25"
18,1,16,224,1,24,128,192,france,201142,2-MEDIO,3,"21,142"
18,1,16,224,1,24,128,192,france,202580,2-MEDIO,3,"22,58"
18,2,16,224,1,24,128,192,france,138079,2-MEDIO,2,"18,079"
18,2,16,224,1,24,128,192,france,135906,2-MEDIO,2,"15,906"
18,2,16,224,1,24,128,192,france,139208,2-MEDIO,2,"19,208"
18,2,16,224,1,24,128,192,france,136901,2-MEDIO,2,"16,901"
18,2,16,224,1,24,128,192,france,138096,2-MEDIO,2,"18,096"
12,2,32,224,1,24,128,192,france,169156,2-MEDIO,2,"49,156"
12,2,32,224,1,24,128,192,france,173309,2-MEDIO,2,"53,309"
12,2,32,224,1,24,128,192,france,164604,2-MEDIO,2,"44,604"
12,2,32,224,1,24,128,192,france,164404,2-MEDIO,2,"44,404"
12,2,32,224,1,24,128,192,france,165824,2-MEDIO,2,"45,824"
12,4,32,224,1,24,128,192,france,122136,2-MEDIO,2,"2,136"
12,4,32,224,1,24,128,192,france,122025,2-MEDIO,2,"2,025"
12,4,32,224,1,24,128,192,france,124183,2-MEDIO,2,"4,183"
12,4,32,224,1,24,128,192,france,121444,2-MEDIO,2,"1,444"
12,4,32,224,1,24,128,192,france,123718,2-MEDIO,2,"3,718"
6,4,64,224,1,24,128,192,france,176550,2-MEDIO,2,"56,55"
6,4,64,224,1,24,128,192,france,174718,2-MEDIO,2,"54,718"
6,4,64,224,1,24,128,192,france,171112,2-MEDIO,2,"51,112"
6,4,64,224,1,24,128,192,france,171880,2-MEDIO,2,"51,88"
6,4,64,224,1,24,128,192,france,172848,2-MEDIO,2,"52,848"
6,8,64,224,1,24,128,192,france,123929,2-MEDIO,2,"3,929"
6,8,64,224,1,24,128,192,france,121927,2-MEDIO,2,"1,927"
6,8,64,224,1,24,128,192,france,125403,2-MEDIO,2,"5,403"
6,8,64,224,1,24,128,192,france,125030,2-MEDIO,2,"5,03"
6,8,64,224,1,24,128,192,france,123420,2-MEDIO,2,"3,42"
66,1,4,210,1,24,256,96,france,88277,1-BAIXO,1,"28,277"
66,1,4,210,1,24,256,96,france,88399,1-BAIXO,1,"28,399"
66,1,4,210,1,24,256,96,france,86135,1-BAIXO,1,"26,135"
66,1,4,210,1,24,256,96,france,84686,1-BAIXO,1,"24,686"
66,1,4,210,1,24,256,96,france,85878,1-BAIXO,1,"25,878"
42,1,8,210,1,24,256,96,france,111583,1-BAIXO,1,"51,583"
42,1,8,210,1,24,256,96,france,112532,1-BAIXO,1,"52,532"
42,1,8,210,1,24,256,96,france,111290,1-BAIXO,1,"51,29"
42,1,8,210,1,24,256,96,france,110946,1-BAIXO,1,"50,946"
42,1,8,210,1,24,256,96,france,110350,1-BAIXO,1,"50,35"
42,2,8,210,1,24,256,96,france,88380,1-BAIXO,1,"28,38"
42,2,8,210,1,24,256,96,france,87683,1-BAIXO,1,"27,683"
42,2,8,210,1,24,256,96,france,88528,1-BAIXO,1,"28,528"
42,2,8,210,1,24,256,96,france,87908,1-BAIXO,1,"27,908"
42,2,8,210,1,24,256,96,france,88634,1-BAIXO,1,"28,634"
18,2,16,210,1,24,256,96,france,117638,2-MEDIO,1,"57,638"
18,2,16,210,1,24,256,96,france,116834,1-BAIXO,1,"56,834"
18,2,16,210,1,24,256,96,france,116699,1-BAIXO,1,"56,699"
18,2,16,210,1,24,256,96,france,117310,2-MEDIO,1,"57,31"
18,2,16,210,1,24,256,96,france,117282,1-BAIXO,1,"57,282"
18,4,16,210,1,24,256,96,france,90339,1-BAIXO,1,"30,339"
18,4,16,210,1,24,256,96,france,91230,1-BAIXO,1,"31,23"
18,4,16,210,1,24,256,96,france,91973,1-BAIXO,1,"31,973"
18,4,16,210,1,24,256,96,france,90518,1-BAIXO,1,"30,518"
18,4,16,210,1,24,256,96,france,91267,1-BAIXO,1,"31,267"
12,4,32,210,1,24,256,96,france,104954,1-BAIXO,1,"44,954"
12,4,32,210,1,24,256,96,france,104277,1-BAIXO,1,"44,277"
12,4,32,210,1,24,256,96,france,105367,1-BAIXO,1,"45,367"
12,4,32,210,1,24,256,96,france,104851,1-BAIXO,1,"44,851"
12,4,32,210,1,24,256,96,france,104398,1-BAIXO,1,"44,398"
12,8,32,210,1,24,256,96,france,87605,1-BAIXO,1,"27,605"
12,8,32,210,1,24,256,96,france,86625,1-BAIXO,1,"26,625"
12,8,32,210,1,24,256,96,france,87043,1-BAIXO,1,"27,043"
12,8,32,210,1,24,256,96,france,86977,1-BAIXO,1,"26,977"
12,8,32,210,1,24,256,96,france,87583,1-BAIXO,1,"27,583"
6,8,64,210,1,24,256,96,france,105204,1-BAIXO,1,"45,204"
6,8,64,210,1,24,256,96,france,104412,1-BAIXO,1,"44,412"
6,8,64,210,1,24,256,96,france,105245,1-BAIXO,1,"45,245"
6,8,64,210,1,24,256,96,france,105221,1-BAIXO,1,"45,221"
6,8,64,210,1,24,256,96,france,105018,1-BAIXO,1,"45,018"
6,16,64,210,1,24,256,96,france,88352,1-BAIXO,1,"28,352"
6,16,64,210,1,24,256,96,france,89084,1-BAIXO,1,"29,084"
6,16,64,210,1,24,256,96,france,89168,1-BAIXO,1,"29,168"
6,16,64,210,1,24,256,96,france,88720,1-BAIXO,1,"28,72"
6,16,64,210,1,24,256,96,france,88201,1-BAIXO,1,"28,201"
137,1,2,210,1,24,256,96,france,108058,1-BAIXO,1,"48,058"
137,1,2,210,1,24,256,96,france,102195,1-BAIXO,1,"42,195"
137,1,2,210,1,24,256,96,france,113013,1-BAIXO,1,"53,013"
137,1,2,210,1,24,256,96,france,103836,1-BAIXO,1,"43,836"
137,1,2,210,1,24,256,96,france,104585,1-BAIXO,1,"44,585"
66,2,4,210,1,24,256,96,france,82429,1-BAIXO,1,"22,429"
66,2,4,210,1,24,256,96,france,72644,1-BAIXO,1,"12,644"
66,2,4,210,1,24,256,96,france,75819,1-BAIXO,1,"15,819"
66,2,4,210,1,24,256,96,france,73441,1-BAIXO,1,"13,441"
66,2,4,210,1,24,256,96,france,72608,1-BAIXO,1,"12,608"
42,4,8,210,1,24,256,96,france,98993,1-BAIXO,1,"38,993"
42,4,8,210,1,24,256,96,france,107978,1-BAIXO,1,"47,978"
42,4,8,210,1,24,256,96,france,114312,1-BAIXO,1,"54,312"
42,4,8,210,1,24,256,96,france,101402,1-BAIXO,1,"41,402"
42,4,8,210,1,24,256,96,france,92011,1-BAIXO,1,"32,011"
18,8,16,210,1,24,256,96,france,83476,1-BAIXO,1,"23,476"
18,8,16,210,1,24,256,96,france,81165,1-BAIXO,1,"21,165"
18,8,16,210,1,24,256,96,france,83505,1-BAIXO,1,"23,505"
18,8,16,210,1,24,256,96,france,82565,1-BAIXO,1,"22,565"
18,8,16,210,1,24,256,96,france,82695,1-BAIXO,1,"22,695"
12,16,32,210,1,24,256,96,france,96009,1-BAIXO,1,"36,009"
12,16,32,210,1,24,256,96,france,85718,1-BAIXO,1,"25,718"
12,16,32,210,1,24,256,96,france,85046,1-BAIXO,1,"25,046"
12,16,32,210,1,24,256,96,france,95692,1-BAIXO,1,"35,692"
12,16,32,210,1,24,256,96,france,84788,1-BAIXO,1,"24,788"
18,4,16,224,1,24,128,192,france,119791,2-MEDIO,1,"59,791"
18,4,16,224,1,24,128,192,france,122136,2-MEDIO,2,"2,136"
18,4,16,224,1,24,128,192,france,144484,2-MEDIO,2,"24,484"
18,4,16,224,1,24,128,192,france,126825,2-MEDIO,2,"6,825"
18,4,16,224,1,24,128,192,france,121257,2-MEDIO,2,"1,257"
12,8,32,224,1,24,128,192,france,113971,1-BAIXO,1,"53,971"
12,8,32,224,1,24,128,192,france,111425,1-BAIXO,1,"51,425"
12,8,32,224,1,24,128,192,france,110597,1-BAIXO,1,"50,597"
12,8,32,224,1,24,128,192,france,106927,1-BAIXO,1,"46,927"
12,8,32,224,1,24,128,192,france,105126,1-BAIXO,1,"45,126"
6,16,64,224,1,24,128,192,france,109027,1-BAIXO,1,"49,027"
6,16,64,224,1,24,128,192,france,109646,1-BAIXO,1,"49,646"
6,16,64,224,1,24,128,192,france,110591,1-BAIXO,1,"50,591"
6,16,64,224,1,24,128,192,france,108399,1-BAIXO,1,"48,399"
6,16,64,224,1,24,128,192,france,107595,1-BAIXO,1,"47,595"
18,1,16,186,1,24,64,384,adhoc,465241,2-MEDIO,7,"45,241"
18,1,16,186,1,24,64,384,adhoc,458468,2-MEDIO,7,"38,468"
18,1,16,186,1,24,64,384,adhoc,460374,2-MEDIO,7,"40,374"
18,1,16,186,1,24,64,384,adhoc,459939,2-MEDIO,7,"39,939"
18,1,16,186,1,24,64,384,adhoc,454016,2-MEDIO,7,"34,016"
12,1,32,186,1,24,64,384,adhoc,547780,3-ALTO,9,"7,78"
12,1,32,186,1,24,64,384,adhoc,538815,3-ALTO,8,"58,815"
12,1,32,186,1,24,64,384,adhoc,542956,3-ALTO,9,"2,956"
12,1,32,186,1,24,64,384,adhoc,538858,3-ALTO,8,"58,858"
12,1,32,186,1,24,64,384,adhoc,548003,3-ALTO,9,"8,003"
12,2,32,186,1,24,64,384,adhoc,406233,2-MEDIO,6,"46,233"
12,2,32,186,1,24,64,384,adhoc,407661,2-MEDIO,6,"47,661"
12,2,32,186,1,24,64,384,adhoc,408880,2-MEDIO,6,"48,88"
12,2,32,186,1,24,64,384,adhoc,407020,2-MEDIO,6,"47,02"
12,2,32,186,1,24,64,384,adhoc,407423,2-MEDIO,6,"47,423"
6,2,64,186,1,24,64,384,adhoc,538514,3-ALTO,8,"58,514"
6,2,64,186,1,24,64,384,adhoc,545149,3-ALTO,9,"5,149"
6,2,64,186,1,24,64,384,adhoc,547293,3-ALTO,9,"7,293"
6,2,64,186,1,24,64,384,adhoc,545802,3-ALTO,9,"5,802"
6,2,64,186,1,24,64,384,adhoc,539404,3-ALTO,8,"59,404"
6,4,64,186,1,24,64,384,adhoc,408113,2-MEDIO,6,"48,113"
6,4,64,186,1,24,64,384,adhoc,407831,2-MEDIO,6,"47,831"
6,4,64,186,1,24,64,384,adhoc,413336,2-MEDIO,6,"53,336"
6,4,64,186,1,24,64,384,adhoc,404467,2-MEDIO,6,"44,467"
6,4,64,186,1,24,64,384,adhoc,412893,2-MEDIO,6,"52,893"
18,1,16,180,1,24,96,256,adhoc,596359,3-ALTO,9,"56,359"
18,1,16,180,1,24,96,256,adhoc,570349,3-ALTO,9,"30,349"
18,1,16,180,1,24,96,256,adhoc,568077,3-ALTO,9,"28,077"
18,1,16,180,1,24,96,256,adhoc,579424,3-ALTO,9,"39,424"
18,1,16,180,1,24,96,256,adhoc,584038,3-ALTO,9,"44,038"
12,2,32,180,1,24,96,256,adhoc,523454,3-ALTO,8,"43,454"
12,2,32,180,1,24,96,256,adhoc,522046,3-ALTO,8,"42,046"
12,2,32,180,1,24,96,256,adhoc,532898,3-ALTO,8,"52,898"
12,2,32,180,1,24,96,256,adhoc,524084,3-ALTO,8,"44,084"
12,2,32,180,1,24,96,256,adhoc,534132,3-ALTO,8,"54,132"
12,4,32,180,1,24,96,256,adhoc,493046,3-ALTO,8,"13,046"
12,4,32,180,1,24,96,256,adhoc,475205,2-MEDIO,7,"55,205"
12,4,32,180,1,24,96,256,adhoc,483818,3-ALTO,8,"3,818"
12,4,32,180,1,24,96,256,adhoc,469033,2-MEDIO,7,"49,033"
12,4,32,180,1,24,96,256,adhoc,471711,2-MEDIO,7,"51,711"
6,4,64,180,1,24,96,256,adhoc,523636,3-ALTO,8,"43,636"
6,4,64,180,1,24,96,256,adhoc,525381,3-ALTO,8,"45,381"
6,4,64,180,1,24,96,256,adhoc,521217,3-ALTO,8,"41,217"
6,4,64,180,1,24,96,256,adhoc,529011,3-ALTO,8,"49,011"
6,4,64,180,1,24,96,256,adhoc,518534,3-ALTO,8,"38,534"
6,8,64,180,1,24,96,256,adhoc,461791,2-MEDIO,7,"41,791"
6,8,64,180,1,24,96,256,adhoc,465547,2-MEDIO,7,"45,547"
6,8,64,180,1,24,96,256,adhoc,455508,2-MEDIO,7,"35,508"
6,8,64,180,1,24,96,256,adhoc,464764,2-MEDIO,7,"44,764"
6,8,64,180,1,24,96,256,adhoc,481879,3-ALTO,8,"1,879"
42,1,8,224,1,24,128,192,adhoc,707366,3-ALTO,11,"47,366"
42,1,8,224,1,24,128,192,adhoc,647474,3-ALTO,10,"47,474"
42,1,8,224,1,24,128,192,adhoc,640732,3-ALTO,10,"40,732"
42,1,8,224,1,24,128,192,adhoc,645644,3-ALTO,10,"45,644"
42,1,8,224,1,24,128,192,adhoc,604713,3-ALTO,10,"4,713"
18,1,16,224,1,24,128,192,adhoc,692486,3-ALTO,11,"32,486"
18,1,16,224,1,24,128,192,adhoc,689261,3-ALTO,11,"29,261"
18,1,16,224,1,24,128,192,adhoc,689031,3-ALTO,11,"29,031"
18,1,16,224,1,24,128,192,adhoc,691399,3-ALTO,11,"31,399"
18,1,16,224,1,24,128,192,adhoc,680678,3-ALTO,11,"20,678"
18,2,16,224,1,24,128,192,adhoc,607389,3-ALTO,10,"7,389"
18,2,16,224,1,24,128,192,adhoc,605980,3-ALTO,10,"5,98"
18,2,16,224,1,24,128,192,adhoc,607085,3-ALTO,10,"7,085"
18,2,16,224,1,24,128,192,adhoc,601087,3-ALTO,10,"1,087"
18,2,16,224,1,24,128,192,adhoc,600264,3-ALTO,10,"0,264"
12,2,32,224,1,24,128,192,adhoc,642708,3-ALTO,10,"42,708"
12,2,32,224,1,24,128,192,adhoc,647072,3-ALTO,10,"47,072"
12,2,32,224,1,24,128,192,adhoc,639675,3-ALTO,10,"39,675"
12,2,32,224,1,24,128,192,adhoc,644209,3-ALTO,10,"44,209"
12,2,32,224,1,24,128,192,adhoc,641274,3-ALTO,10,"41,274"
12,4,32,224,1,24,128,192,adhoc,581721,3-ALTO,9,"41,721"
12,4,32,224,1,24,128,192,adhoc,584698,3-ALTO,9,"44,698"
12,4,32,224,1,24,128,192,adhoc,582420,3-ALTO,9,"42,42"
12,4,32,224,1,24,128,192,adhoc,582518,3-ALTO,9,"42,518"
12,4,32,224,1,24,128,192,adhoc,584176,3-ALTO,9,"44,176"
6,4,64,224,1,24,128,192,adhoc,642549,3-ALTO,10,"42,549"
6,4,64,224,1,24,128,192,adhoc,641854,3-ALTO,10,"41,854"
6,4,64,224,1,24,128,192,adhoc,640822,3-ALTO,10,"40,822"
6,4,64,224,1,24,128,192,adhoc,649525,3-ALTO,10,"49,525"
6,4,64,224,1,24,128,192,adhoc,643477,3-ALTO,10,"43,477"
6,8,64,224,1,24,128,192,adhoc,577614,3-ALTO,9,"37,614"
6,8,64,224,1,24,128,192,adhoc,581404,3-ALTO,9,"41,404"
6,8,64,224,1,24,128,192,adhoc,582079,3-ALTO,9,"42,079"
6,8,64,224,1,24,128,192,adhoc,583926,3-ALTO,9,"43,926"
6,8,64,224,1,24,128,192,adhoc,580852,3-ALTO,9,"40,852"
42,1,8,210,1,24,256,96,adhoc,1154574,3-ALTO,19,"14,574"
42,1,8,210,1,24,256,96,adhoc,1034562,3-ALTO,17,"14,562"
42,1,8,210,1,24,256,96,adhoc,1014660,3-ALTO,16,"54,66"
42,1,8,210,1,24,256,96,adhoc,1021136,3-ALTO,17,"1,136"
42,1,8,210,1,24,256,96,adhoc,1009357,3-ALTO,16,"49,357"
42,2,8,210,1,24,256,96,adhoc,973841,3-ALTO,16,"13,841"
42,2,8,210,1,24,256,96,adhoc,977233,3-ALTO,16,"17,233"
42,2,8,210,1,24,256,96,adhoc,981220,3-ALTO,16,"21,22"
42,2,8,210,1,24,256,96,adhoc,981888,3-ALTO,16,"21,888"
42,2,8,210,1,24,256,96,adhoc,980829,3-ALTO,16,"20,829"
18,2,16,210,1,24,256,96,adhoc,1025731,3-ALTO,17,"5,731"
18,2,16,210,1,24,256,96,adhoc,1023005,3-ALTO,17,"3,005"
18,2,16,210,1,24,256,96,adhoc,1023005,3-ALTO,17,"3,005"
18,2,16,210,1,24,256,96,adhoc,1023005,3-ALTO,17,"3,005"
18,2,16,210,1,24,256,96,adhoc,1023005,3-ALTO,17,"3,005"
18,4,16,210,1,24,256,96,adhoc,981471,3-ALTO,16,"21,471"
18,4,16,210,1,24,256,96,adhoc,978265,3-ALTO,16,"18,265"
18,4,16,210,1,24,256,96,adhoc,977948,3-ALTO,16,"17,948"
18,4,16,210,1,24,256,96,adhoc,977865,3-ALTO,16,"17,865"
18,4,16,210,1,24,256,96,adhoc,980575,3-ALTO,16,"20,575"
12,4,32,210,1,24,256,96,adhoc,995047,3-ALTO,16,"35,047"
12,4,32,210,1,24,256,96,adhoc,997497,3-ALTO,16,"37,497"
12,4,32,210,1,24,256,96,adhoc,1005941,3-ALTO,16,"45,941"
12,4,32,210,1,24,256,96,adhoc,1005043,3-ALTO,16,"45,043"
12,4,32,210,1,24,256,96,adhoc,1005168,3-ALTO,16,"45,168"
12,8,32,210,1,24,256,96,adhoc,981400,3-ALTO,16,"21,4"
12,8,32,210,1,24,256,96,adhoc,981809,3-ALTO,16,"21,809"
12,8,32,210,1,24,256,96,adhoc,968999,3-ALTO,16,"8,999"
12,8,32,210,1,24,256,96,adhoc,984879,3-ALTO,16,"24,879"
12,8,32,210,1,24,256,96,adhoc,978773,3-ALTO,16,"18,773"
6,8,64,210,1,24,256,96,adhoc,994760,3-ALTO,16,"34,76"
6,8,64,210,1,24,256,96,adhoc,995979,3-ALTO,16,"35,979"
6,8,64,210,1,24,256,96,adhoc,999087,3-ALTO,16,"39,087"
6,8,64,210,1,24,256,96,adhoc,1004008,3-ALTO,16,"44,008"
6,8,64,210,1,24,256,96,adhoc,1003821,3-ALTO,16,"43,821"
6,16,64,210,1,24,256,96,adhoc,979396,3-ALTO,16,"19,396"
6,16,64,210,1,24,256,96,adhoc,982801,3-ALTO,16,"22,801"
6,16,64,210,1,24,256,96,adhoc,984864,3-ALTO,16,"24,864"
6,16,64,210,1,24,256,96,adhoc,982559,3-ALTO,16,"22,559"
6,16,64,210,1,24,256,96,adhoc,985568,3-ALTO,16,"25,568"
42,1,8,180,1,24,96,256,adhoc,508321,3-ALTO,8,"28,321"
42,1,8,180,1,24,96,256,adhoc,478369,2-MEDIO,7,"58,369"
42,1,8,180,1,24,96,256,adhoc,479871,2-MEDIO,7,"59,871"
42,1,8,180,1,24,96,256,adhoc,464727,2-MEDIO,7,"44,727"
42,1,8,180,1,24,96,256,adhoc,464899,2-MEDIO,7,"44,899"
18,2,16,180,1,24,96,256,adhoc,484493,3-ALTO,8,"4,493"
18,2,16,180,1,24,96,256,adhoc,481296,3-ALTO,8,"1,296"
18,2,16,180,1,24,96,256,adhoc,482477,3-ALTO,8,"2,477"
18,2,16,180,1,24,96,256,adhoc,487887,3-ALTO,8,"7,887"
18,2,16,180,1,24,96,256,adhoc,485980,3-ALTO,8,"5,98"
66,1,4,224,1,24,128,192,adhoc,617908,3-ALTO,10,"17,908"
66,1,4,224,1,24,128,192,adhoc,616189,3-ALTO,10,"16,189"
66,1,4,224,1,24,128,192,adhoc,611095,3-ALTO,10,"11,095"
66,1,4,224,1,24,128,192,adhoc,613363,3-ALTO,10,"13,363"
66,1,4,224,1,24,128,192,adhoc,617350,3-ALTO,10,"17,35"
18,4,16,224,1,24,128,192,adhoc,666671,3-ALTO,11,"6,671"
18,4,16,224,1,24,128,192,adhoc,686583,3-ALTO,11,"26,583"
18,4,16,224,1,24,128,192,adhoc,654832,3-ALTO,10,"54,832"
18,4,16,224,1,24,128,192,adhoc,629316,3-ALTO,10,"29,316"
18,4,16,224,1,24,128,192,adhoc,621922,3-ALTO,10,"21,922"
12,8,32,224,1,24,128,192,adhoc,747350,3-ALTO,12,"27,35"
12,8,32,224,1,24,128,192,adhoc,672019,3-ALTO,11,"12,019"
12,8,32,224,1,24,128,192,adhoc,636942,3-ALTO,10,"36,942"
12,8,32,224,1,24,128,192,adhoc,626886,3-ALTO,10,"26,886"
12,8,32,224,1,24,128,192,adhoc,622425,3-ALTO,10,"22,425"
6,16,64,224,1,24,128,192,adhoc,600483,3-ALTO,10,"0,483"
6,16,64,224,1,24,128,192,adhoc,624862,3-ALTO,10,"24,862"
6,16,64,224,1,24,128,192,adhoc,623287,3-ALTO,10,"23,287"
6,16,64,224,1,24,128,192,adhoc,603107,3-ALTO,10,"3,107"
6,16,64,224,1,24,128,192,adhoc,608544,3-ALTO,10,"8,544"
135,1,2,511,1,24,512,48,france,92633,1-BAIXO,1,"32,633"
135,1,2,511,1,24,512,48,france,93936,1-BAIXO,1,"33,936"
135,1,2,511,1,24,512,48,france,93828,1-BAIXO,1,"33,828"
135,1,2,511,1,24,512,48,france,93153,1-BAIXO,1,"33,153"
135,1,2,511,1,24,512,48,france,94783,1-BAIXO,1,"34,783"
135,2,2,511,1,24,512,48,france,105090,1-BAIXO,1,"45,09"
135,2,2,511,1,24,512,48,france,105923,1-BAIXO,1,"45,923"
135,2,2,511,1,24,512,48,france,105904,1-BAIXO,1,"45,904"
135,2,2,511,1,24,512,48,france,101866,1-BAIXO,1,"41,866"
135,2,2,511,1,24,512,48,france,104073,1-BAIXO,1,"44,073"
66,2,4,511,1,24,512,48,france,86369,1-BAIXO,1,"26,369"
66,2,4,511,1,24,512,48,france,86082,1-BAIXO,1,"26,082"
66,2,4,511,1,24,512,48,france,84459,1-BAIXO,1,"24,459"
66,2,4,511,1,24,512,48,france,85070,1-BAIXO,1,"25,07"
66,2,4,511,1,24,512,48,france,85139,1-BAIXO,1,"25,139"
66,4,4,511,1,24,512,48,france,86947,1-BAIXO,1,"26,947"
66,4,4,511,1,24,512,48,france,87292,1-BAIXO,1,"27,292"
66,4,4,511,1,24,512,48,france,86324,1-BAIXO,1,"26,324"
66,4,4,511,1,24,512,48,france,85939,1-BAIXO,1,"25,939"
66,4,4,511,1,24,512,48,france,85484,1-BAIXO,1,"25,484"
42,4,8,511,1,24,512,48,france,91081,1-BAIXO,1,"31,081"
42,4,8,511,1,24,512,48,france,90680,1-BAIXO,1,"30,68"
42,4,8,511,1,24,512,48,france,90167,1-BAIXO,1,"30,167"
42,4,8,511,1,24,512,48,france,91759,1-BAIXO,1,"31,759"
42,4,8,511,1,24,512,48,france,90743,1-BAIXO,1,"30,743"
42,8,8,511,1,24,512,48,france,85653,1-BAIXO,1,"25,653"
42,8,8,511,1,24,512,48,france,83858,1-BAIXO,1,"23,858"
42,8,8,511,1,24,512,48,france,83896,1-BAIXO,1,"23,896"
42,8,8,511,1,24,512,48,france,83925,1-BAIXO,1,"23,925"
42,8,8,511,1,24,512,48,france,83832,1-BAIXO,1,"23,832"
18,8,16,511,1,24,512,48,france,83859,1-BAIXO,1,"23,859"
18,8,16,511,1,24,512,48,france,85060,1-BAIXO,1,"25,06"
18,8,16,511,1,24,512,48,france,83891,1-BAIXO,1,"23,891"
18,8,16,511,1,24,512,48,france,84325,1-BAIXO,1,"24,325"
18,8,16,511,1,24,512,48,france,83474,1-BAIXO,1,"23,474"
18,16,16,511,1,24,512,48,france,86623,1-BAIXO,1,"26,623"
18,16,16,511,1,24,512,48,france,85809,1-BAIXO,1,"25,809"
18,16,16,511,1,24,512,48,france,85660,1-BAIXO,1,"25,66"
18,16,16,511,1,24,512,48,france,84205,1-BAIXO,1,"24,205"
18,16,16,511,1,24,512,48,france,85083,1-BAIXO,1,"25,083"
12,16,32,511,1,24,512,48,france,84852,1-BAIXO,1,"24,852"
12,16,32,511,1,24,512,48,france,86088,1-BAIXO,1,"26,088"
12,16,32,511,1,24,512,48,france,84707,1-BAIXO,1,"24,707"
12,16,32,511,1,24,512,48,france,84759,1-BAIXO,1,"24,759"
12,16,32,511,1,24,512,48,france,84278,1-BAIXO,1,"24,278"
